enzyme;req_seq;suppliers;Dam;Dcm;CpG;EcoBI;EcoKI
AanI;TTATAA;1;-;-;-;-;-
AarI;CACCTGC;1;-;-;impaired;-;-
AasI;GACNNNNNNGTC;1;-;-;cut;-;-
AatII;GACGTC;6;-;-;blocked;cut;-
AbaSI;C;1;-;-;-;-;-
AbsI;CCTCGAGG;1;-;-;-;-;-
AccI;GTMKAC;8;-;-;blocked;-;-
AccII;CGCG;2;-;-;blocked;-;-
AccIII;TCCGGA;3;blocked;-;cut;-;-
Acc16I;TGCGCA;2;-;-;-;-;-
Acc36I;ACCTGC;1;-;-;-;-;-
Acc65I;GGTACC;4;-;some blocked;some blocked;-;-
AccB1I;GGYRCC;2;-;-;-;-;-
AccB7I;CCANNNNNTGG;2;-;some blocked;-;-;-
AccBSI;CCGCTC;2;-;-;cut;-;-
AciI;CCGC;1;-;-;blocked;-;-
AclI;AACGTT;3;-;-;blocked;some blocked;variable
AclWI;GGATC;1;-;-;-;-;-
AcoI;YGGCCR;1;-;-;-;-;-
AcsI;RAATTY;2;-;-;-;-;-
AcuI;CTGAAG;2;-;-;-;impaired;-
AcvI;CACGTG;2;-;-;-;-;-
AcyI;GRCGYC;1;-;-;-;-;-
AdeI;CACNNNGTG;1;-;-;some blocked;blocked;-
AfaI;GTAC;2;-;-;some blocked;-;-
AfeI;AGCGCT;2;-;-;blocked;cut;-
AfiI;CCNNNNNNNGG;1;-;-;-;-;-
AflII;CTTAAG;3;-;-;-;-;-
AflIII;ACRYGT;3;-;-;cut;some blocked;some blocked
AgeI;ACCGGT;3;-;-;blocked;cut;cut
AgsI;TTSAA;1;-;-;-;-;blocked
AhdI;GACNNNNNGTC;1;-;-;variable;-;-
AhlI;ACTAGT;2;-;-;-;-;-
AjiI;CACGTC;1;-;-;blocked;-;-
AjnI;CCWGG;1;-;cut;-;-;-
AjuI;GAANNNNNNNTTGG;1;-;-;cut;-;-
AleI;CACNNNNGTG;1;-;-;some impaired;blocked;blocked
AloI;GAACNNNNNNTCC;1;-;cut;variable;-;-
AluI;AGCT;14;-;-;-;blocked;-
AluBI;AGCT;1;-;-;-;blocked;-
AlwI;GGATC;1;blocked;cut;cut;cut;-
Alw21I;GWGCWC;1;-;-;cut;cut;cut
Alw26I;GTCTC;1;-;-;variable;-;-
Alw44I;GTGCAC;2;-;-;blocked;-;cut
AlwNI;CAGNNNCTG;1;-;-;-;some blocked;-
Ama87I;CYCGRG;2;-;-;-;-;-
Aor13HI;TCCGGA;1;-;-;-;-;-
Aor51HI;AGCGCT;1;-;-;blocked;-;-
AoxI;GGCC;1;-;-;-;-;-
ApaI;GGGCCC;11;-;some blocked;some blocked;-;-
ApaLI;GTGCAC;3;-;-;blocked;-;variable
ApeKI;GCWGC;1;-;-;some blocked;cut;-
ApoI;RAATTY;1;-;-;cut;some blocked;-
ArsI;GACNNNNNNTTYG;1;-;-;-;-;-
AscI;GGCGCGCC;1;-;cut;variable;-;-
AseI;ATTAAT;2;-;-;-;variable;-
AsiGI;ACCGGT;2;-;-;-;-;-
AsiSI;GCGATCGC;2;cut;-;variable;-;-
Asp700I;GAANNNNTTC;1;-;-;-;blocked;cut
Asp718I;GGTACC;2;-;blocked;blocked;-;-
AspA2I;CCTAGG;2;-;-;-;-;-
AspLEI;GCGC;2;-;-;blocked;-;-
AspS9I;GGNCC;2;-;blocked;blocked;-;-
AsuII;TTCGAA;1;-;-;cut;-;-
AsuC2I;CCSGG;1;-;-;-;-;-
AsuHPI;GGTGA;2;-;-;-;-;-
AsuNHI;GCTAGC;2;-;-;cut;-;-
AvaI;CYCGRG;4;-;-;blocked;-;-
AvaII;GGWCC;4;-;blocked;blocked;-;-
AvrII;CCTAGG;1;-;-;-;-;-
AxyI;CCTNAGG;1;-;-;-;-;-
BaeI;ACNNNNGTAYC;1;-;cut;variable;blocked;-
BaeGI;GKGCMC;1;-;cut;cut;-;variable
BalI;TGGCCA;6;-;impaired;-;-;-
BamHI;GGATCC;14;cut;cut;cut;-;-
BanI;GGYRCC;2;-;some blocked;variable;-;impaired
BanII;GRGCYC;3;-;cut;cut;cut;-
BarI;GAAGNNNNNNTAC;1;-;-;-;-;-
BauI;CACGAG;1;-;-;cut;-;-
BbrPI;CACGTG;1;-;-;blocked;-;-
BbsI;GAAGAC;1;-;-;cut;cut;-
BbvI;GCAGC;1;-;-;cut;cut;-
Bbv12I;GWGCWC;2;-;-;-;-;-
BbvCI;CCTCAGC;1;-;-;impaired;cut;-
BccI;CCATC;1;-;-;cut;cut;-
BceAI;ACGGC;1;-;-;blocked;blocked;blocked
BcgI;CGANNNNNNTGC;1;some blocked;-;some blocked;-;-
BciT130I;CCWGG;1;-;cut;-;-;-
BciVI;GTATCC;1;-;cut;cut;-;-
BclI;TGATCA;8;blocked;-;-;some blocked;-
BcnI;CCSGG;2;-;-;impaired;-;-
BcoDI;GTCTC;1;-;-;some impaired;cut;-
BcuI;ACTAGT;1;-;-;-;-;-
BfaI;CTAG;1;-;-;-;-;-
BfmI;CTRYAG;1;-;-;-;-;-
BfoI;RGCGCY;1;-;-;-;-;-
BfrI;CTTAAG;2;-;-;-;-;-
BfuI;GTATCC;1;-;cut;cut;-;-
BfuAI;ACCTGC;1;-;-;impaired;blocked;blocked
BglI;GCCNNNNNGGC;11;-;cut;variable;-;-
BglII;AGATCT;13;cut;-;-;some blocked;-
BisI;GCNGC;1;-;-;-;-;-
BlnI;CCTAGG;3;-;-;-;-;-
BlpI;GCTNAGC;1;-;-;cut;cut;-
BlsI;GCNGC;1;-;-;-;-;-
BmcAI;AGTACT;1;-;-;-;-;-
Bme18I;GGWCC;2;-;-;-;-;-
Bme1390I;CCNGG;1;-;blocked;-;-;-
BmeRI;GACNNNNNGTC;1;-;-;-;-;-
BmeT110I;CYCGRG;2;-;-;cut;-;-
BmgBI;CACGTC;1;-;-;some blocked;some blocked;impaired
BmgT120I;GGNCC;1;-;blocked;blocked;-;-
BmiI;GGNNCC;1;-;-;-;-;-
BmrI;ACTGGG;1;-;-;-;blocked;blocked
BmrFI;CCNGG;1;-;-;-;-;-
BmsI;GCATC;1;-;-;-;-;-
BmtI;GCTAGC;3;-;-;cut;-;-
BmuI;ACTGGG;1;-;-;-;-;-
BoxI;GACNNNNGTC;1;-;-;variable;-;-
BpiI;GAAGAC;1;-;-;cut;-;-
BplI;GAGNNNNNCTC;1;-;-;cut;-;-
BpmI;CTGGAG;2;-;cut;-;-;-
Bpu10I;CCTNAGC;4;-;-;cut;cut;-
Bpu14I;TTCGAA;2;-;-;-;-;-
Bpu1102I;GCTNAGC;2;-;-;cut;-;-
BpuEI;CTTGAG;1;-;-;-;blocked;-
BpuMI;CCSGG;1;-;-;-;-;-
BsaI;GGTCTC;1;-;variable;variable;cut;-
Bsa29I;ATCGAT;1;blocked;-;-;-;-
BsaAI;YACGTR;1;-;-;blocked;some impaired;some impaired
BsaBI;GATNNNNATC;1;blocked;-;some blocked;some blocked;-
BsaHI;GRCGYC;1;-;variable;variable;cut;-
BsaJI;CCNNGG;1;-;cut;cut;-;-
BsaWI;WCCGGW;1;cut;-;cut;impaired;impaired
BsaXI;ACNNNNNCTCC;1;-;cut;cut;-;-
Bsc4I;CCNNNNNNNGG;1;-;blocked;blocked;-;-
Bse1I;ACTGG;2;-;-;-;blocked;blocked
Bse8I;GATNNNNATC;2;-;-;-;-;-
Bse21I;CCTNAGG;2;-;-;-;-;-
Bse118I;RCCGGY;2;-;-;-;-;-
BseAI;TCCGGA;1;blocked;-;impaired;-;-
BseBI;CCWGG;1;-;-;-;-;-
BseCI;ATCGAT;1;blocked;-;blocked;-;-
BseDI;CCNNGG;1;-;-;cut;-;-
Bse3DI;GCAATG;2;-;-;cut;-;-
BseGI;GGATG;1;-;cut;cut;-;-
BseJI;GATNNNNATC;1;blocked;-;cut;blocked;-
BseLI;CCNNNNNNNGG;1;-;some blocked;some blocked;-;-
BseMI;GCAATG;1;-;-;cut;-;-
BseMII;CTCAG;1;-;-;-;-;-
BseNI;ACTGG;1;-;-;-;-;-
BsePI;GCGCGC;2;-;-;-;-;-
BseRI;GAGGAG;1;-;-;cut;cut;-
BseSI;GKGCMC;1;-;cut;cut;-;impaired
BseXI;GCAGC;1;-;-;cut;-;-
BseX3I;CGGCCG;2;-;-;-;-;-
BseYI;CCCAGC;1;-;-;blocked;-;-
BsgI;GTGCAG;1;-;-;cut;-;blocked
Bsh1236I;CGCG;1;-;-;blocked;-;-
Bsh1285I;CGRYCG;1;blocked;-;blocked;-;-
BshFI;GGCC;1;-;cut;cut;-;-
BshNI;GGYRCC;1;-;some blocked;some blocked;-;-
BshTI;ACCGGT;1;-;-;blocked;-;-
BshVI;ATCGAT;1;-;-;-;-;-
BsiEI;CGRYCG;1;cut;-;some blocked;-;-
BsiHKAI;GWGCWC;1;-;-;cut;some impaired;some impaired
BsiHKCI;CYCGRG;2;-;-;-;-;-
BsiSI;CCGG;2;-;-;cut;-;-
BsiWI;CGTACG;1;-;-;blocked;-;-
BslI;CCNNNNNNNGG;1;-;variable;variable;-;-
BslFI;GGGAC;1;-;-;-;-;-
BsmI;GAATGC;4;-;-;cut;blocked;-
BsmAI;GTCTC;1;-;-;variable;cut;-
BsmBI;CGTCTC;1;-;-;some blocked;impaired;-
BsmFI;GGGAC;1;-;blocked;blocked;-;-
BsnI;GGCC;1;-;-;-;-;-
Bso31I;GGTCTC;2;-;-;-;-;-
BsoBI;CYCGRG;1;-;-;cut;-;-
Bsp13I;TCCGGA;2;-;-;-;-;-
Bsp19I;CCATGG;2;-;-;-;-;-
Bsp68I;TCGCGA;1;cut;-;blocked;-;-
Bsp119I;TTCGAA;1;-;-;blocked;-;-
Bsp120I;GGGCCC;1;-;blocked;blocked;-;-
Bsp143I;GATC;1;cut;-;blocked;cut;-
Bsp1286I;GDGCHC;3;-;cut;cut;cut;cut
Bsp1407I;TGTACA;2;-;-;-;-;-
Bsp1720I;GCTNAGC;2;-;-;cut;cut;-
BspACI;CCGC;1;-;-;-;-;-
BspANI;GGCC;1;-;-;-;-;-
BspCNI;CTCAG;1;-;-;-;impaired;-
BspDI;ATCGAT;1;blocked;-;blocked;some blocked;-
BspEI;TCCGGA;1;blocked;-;impaired;-;-
BspFNI;CGCG;1;-;-;-;-;-
BspHI;TCATGA;1;variable;-;-;variable;-
BspLI;GGNNCC;1;-;variable;variable;-;-
BspMI;ACCTGC;1;-;-;cut;blocked;blocked
BspMAI;CTGCAG;1;-;-;-;-;-
BspOI;GCTAGC;1;-;-;-;-;-
BspPI;GGATC;1;blocked;cut;cut;-;-
BspQI;GCTCTTC;1;-;-;cut;cut;-
BspTI;CTTAAG;1;-;-;-;-;-
BspT104I;TTCGAA;1;-;-;blocked;-;-
BspT107I;GGYRCC;1;-;-;some impaired;-;-
BspTNI;GGTCTC;1;-;-;-;-;-
BsrI;ACTGG;1;-;-;-;blocked;blocked
BsrBI;CCGCTC;1;-;-;variable;cut;-
BsrDI;GCAATG;1;-;-;cut;some blocked;-
BsrFI;RCCGGY;1;-;-;variable;cut;cut
BsrGI;TGTACA;1;-;-;-;-;-
BssAI;RCCGGY;1;-;-;cut;-;-
BssECI;CCNNGG;1;-;-;cut;-;-
BssHII;GCGCGC;7;-;-;some blocked;-;-
BssMI;GATC;1;-;-;-;-;-
BssNI;GRCGYC;1;-;-;-;-;-
BssNAI;GTATAC;2;-;-;-;-;-
BssSI;CACGAG;1;-;-;cut;cut;cut
BssT1I;CCWWGG;2;-;-;-;-;-
Bst6I;CTCTTC;2;-;-;blocked;-;-
Bst1107I;GTATAC;2;-;-;some blocked;-;-
BstACI;GRCGYC;1;-;-;-;-;-
BstAFI;CTTAAG;1;-;-;-;-;-
BstAPI;GCANNNNNTGC;2;-;-;variable;blocked;-
BstAUI;TGTACA;2;-;-;-;-;-
BstBI;TTCGAA;1;-;-;blocked;-;some blocked
Bst2BI;CACGAG;1;-;-;-;-;-
BstBAI;YACGTR;2;-;-;-;-;-
Bst4CI;ACNGT;2;-;-;-;-;-
BstC8I;GCNNGC;1;-;-;blocked;-;-
BstDEI;CTNAG;2;-;-;-;cut;-
BstDSI;CCRYGG;2;-;-;-;-;-
BstEII;GGTNACC;4;-;cut;cut;impaired;impaired
BstENI;CCTNNNNNAGG;2;-;-;-;-;-
BstF5I;GGATG;2;-;cut;cut;blocked;-
BstFNI;CGCG;2;-;-;-;-;-
BstH2I;RGCGCY;2;-;-;-;-;-
BstHHI;GCGC;2;-;-;cut;-;-
BstKTI;GATC;1;blocked;-;cut;variable;-
BstMAI;GTCTC;2;-;-;cut;-;-
BstMBI;GATC;2;-;-;-;-;-
BstMCI;CGRYCG;2;-;-;-;-;-
BstMWI;GCNNNNNNNGC;1;-;-;some blocked;-;-
BstNI;CCWGG;1;-;cut;-;-;-
BstNSI;RCATGY;2;-;-;-;-;-
BstPI;GGTNACC;1;-;cut;cut;-;-
BstPAI;GACNNNNGTC;2;-;-;-;-;-
BstSCI;CCNGG;1;-;blocked;-;-;-
BstSFI;CTRYAG;1;-;-;-;-;-
BstSLI;GKGCMC;1;-;cut;cut;-;-
BstSNI;TACGTA;2;-;-;-;-;-
BstUI;CGCG;1;-;-;blocked;-;-
Bst2UI;CCWGG;2;-;cut;-;-;-
BstV1I;GCAGC;1;-;-;cut;impaired;-
BstV2I;GAAGAC;2;-;-;cut;-;-
BstXI;CCANNNNNNTGG;11;-;variable;-;-;-
BstX2I;RGATCY;2;-;-;-;-;-
BstYI;RGATCY;1;cut;cut;cut;impaired;-
BstZI;CGGCCG;1;-;-;-;-;-
BstZ17I;GTATAC;1;-;-;some blocked;-;-
BsuI;GTATCC;1;-;-;cut;-;-
Bsu15I;ATCGAT;1;blocked;-;blocked;-;-
Bsu36I;CCTNAGG;1;-;-;-;cut;-
BsuRI;GGCC;2;-;cut;cut;-;-
BsuTUI;ATCGAT;1;blocked;-;-;-;-
BtgI;CCRYGG;1;-;-;cut;-;-
BtgZI;GCGATG;1;-;-;some impaired;blocked;-
BtrI;CACGTC;1;-;-;variable;variable;cut
BtsI;GCAGTG;1;-;-;cut;variable;cut
BtsIMutI;CAGTG;1;-;-;-;-;-
BtsCI;GGATG;1;-;cut;cut;blocked;-
BtuMI;TCGCGA;1;-;-;-;-;-
BveI;ACCTGC;1;-;-;impaired;-;-
Cac8I;GCNNGC;1;-;-;some blocked;-;-
CaiI;CAGNNNCTG;1;-;blocked;-;blocked;-
CciI;TCATGA;1;-;-;-;-;-
CciNI;GCGGCCGC;2;-;-;-;-;-
CfoI;GCGC;3;-;-;blocked;-;-
Cfr9I;CCCGGG;1;-;-;impaired;-;-
Cfr10I;RCCGGY;2;-;-;blocked;-;-
Cfr13I;GGNCC;1;-;blocked;blocked;-;-
Cfr42I;CCGCGG;1;-;-;blocked;-;-
ClaI;ATCGAT;8;blocked;-;blocked;variable;-
CpoI;CGGWCCG;2;-;-;blocked;-;-
CseI;GACGC;1;-;-;blocked;blocked;-
CsiI;ACCWGGT;1;-;-;-;-;-
CspI;CGGWCCG;1;-;-;blocked;-;-
Csp6I;GTAC;1;-;-;cut;-;-
CspAI;ACCGGT;1;-;-;cut;-;-
CspCI;CAANNNNNGTGG;1;-;-;cut;-;-
CviAII;CATG;1;-;-;-;blocked;-
CviJI;RGCY;2;-;-;-;-;-
CviKI-1;RGCY;1;-;cut;cut;variable;-
CviQI;GTAC;1;-;-;cut;-;-
DdeI;CTNAG;8;-;-;-;blocked;-
DinI;GGCGCC;1;-;-;-;-;-
DpnI;GATC;10;cut;-;variable;variable;-
DpnII;GATC;1;blocked;-;cut;blocked;-
DraI;TTTAAA;11;-;-;-;-;blocked
DraIII;CACNNNGTG;4;-;-;some impaired;some blocked;impaired
DrdI;GACNNNNNNGTC;1;-;-;variable;-;-
DriI;GACNNNNNGTC;1;-;-;-;-;-
DseDI;GACNNNNNNGTC;2;-;-;-;-;-
EaeI;YGGCCR;2;-;blocked;blocked;-;-
EagI;CGGCCG;1;-;-;blocked;-;-
Eam1104I;CTCTTC;1;-;-;cut;-;-
Eam1105I;GACNNNNNGTC;1;-;-;cut;-;-
EarI;CTCTTC;1;-;-;impaired;blocked;-
EciI;GGCGGA;1;blocked;cut;variable;-;-
Ecl136II;GAGCTC;1;-;-;some blocked;-;-
EclXI;CGGCCG;1;-;-;blocked;-;-
Eco24I;GRGCYC;1;-;cut;cut;-;-
Eco31I;GGTCTC;1;-;impaired;some impaired;-;-
Eco32I;GATATC;1;-;-;cut;-;-
Eco47I;GGWCC;1;-;blocked;blocked;-;-
Eco47III;AGCGCT;4;-;-;blocked;blocked;-
Eco52I;CGGCCG;2;-;-;blocked;-;-
Eco57I;CTGAAG;1;-;-;-;-;-
Eco72I;CACGTG;1;-;-;blocked;-;-
Eco81I;CCTNAGG;2;-;-;-;-;-
Eco88I;CYCGRG;1;-;-;impaired;-;-
Eco91I;GGTNACC;1;-;cut;cut;-;-
Eco105I;TACGTA;1;-;-;blocked;-;-
Eco130I;CCWWGG;1;-;-;-;-;-
Eco147I;AGGCCT;1;-;blocked;-;blocked;-
EcoICRI;GAGCTC;3;-;-;-;-;-
EcoNI;CCTNNNNNAGG;1;-;cut;-;variable;-
EcoO65I;GGTNACC;1;-;cut;cut;-;-
EcoO109I;RGGNCCY;4;-;variable;cut;cut;-
EcoRI;GAATTC;14;-;-;variable;variable;-
EcoRII;CCWGG;2;-;blocked;-;-;-
EcoRV;GATATC;13;-;-;some impaired;some blocked;-
EcoT14I;CCWWGG;1;-;-;-;-;-
EcoT22I;ATGCAT;2;-;-;-;-;-
EcoT38I;GRGCYC;1;-;-;-;-;-
Eco53kI;GAGCTC;1;-;-;variable;cut;-
EgeI;GGCGCC;1;-;-;-;-;-
EheI;GGCGCC;1;-;cut;variable;-;-
ErhI;CCWWGG;1;-;-;-;-;-
Esp3I;CGTCTC;2;-;-;variable;cut;-
FaeI;CATG;1;-;-;-;-;-
FaiI;YATR;1;-;-;-;-;-
FalI;AAGNNNNNCTT;1;-;-;-;-;-
FaqI;GGGAC;1;-;cut;variable;-;-
FatI;CATG;2;-;-;-;cut;-
FauI;CCCGC;2;-;-;variable;-;-
FauNDI;CATATG;2;-;-;-;-;-
FbaI;TGATCA;1;blocked;-;-;blocked;-
FblI;GTMKAC;2;-;-;-;-;-
Fnu4HI;GCNGC;1;-;-;blocked;-;-
FokI;GGATG;9;-;some impaired;some impaired;impaired;-
FriOI;GRGCYC;2;-;cut;cut;blocked;-
FseI;GGCCGGCC;1;-;some impaired;variable;-;-
FspI;TGCGCA;2;-;-;blocked;-;cut
FspAI;RTGCGCAY;1;-;-;blocked;-;-
FspBI;CTAG;1;-;-;-;-;-
FspEI;CC;1;-;-;-;-;-
Fsp4HI;GCNGC;1;-;-;blocked;-;-
GlaI;GCGC;1;-;-;-;-;-
GluI;GCNGC;1;-;-;-;-;-
GsaI;CCCAGC;1;-;-;blocked;-;-
GsuI;CTGGAG;1;-;blocked;-;-;-
HaeII;RGCGCY;4;-;cut;variable;cut;-
HaeIII;GGCC;11;-;some impaired;some impaired;-;-
HapII;CCGG;2;-;-;blocked;-;-
HgaI;GACGC;2;-;-;variable;blocked;-
HhaI;GCGC;7;-;-;variable;-;-
Hin1I;GRCGYC;2;-;impaired;some blocked;-;-
Hin1II;CATG;1;-;-;-;-;-
Hin6I;GCGC;1;-;-;blocked;-;-
HinP1I;GCGC;1;-;-;variable;-;-
HincII;GTYRAC;8;-;-;variable;blocked;blocked
HindII;GTYRAC;4;-;-;blocked;-;blocked
HindIII;AAGCTT;14;-;-;-;some blocked;-
HinfI;GANTC;13;-;-;variable;blocked;-
HpaI;GTTAAC;12;-;-;variable;-;variable
HpaII;CCGG;7;-;-;blocked;-;-
HphI;GGTGA;2;blocked;cut;cut;blocked;-
Hpy8I;GTNNAC;1;-;-;impaired;-;blocked
Hpy99I;CGWCG;1;-;-;some blocked;-;-
Hpy166II;GTNNAC;1;-;-;some blocked;blocked;blocked
Hpy188I;TCNGA;1;blocked;-;cut;blocked;-
Hpy188III;TCNNGA;1;blocked;-;blocked;blocked;-
HpyAV;CCTTC;1;-;-;impaired;blocked;-
HpyCH4III;ACNGT;1;-;-;cut;cut;cut
HpyCH4IV;ACGT;1;-;-;blocked;cut;cut
HpyCH4V;TGCA;1;-;-;-;-;impaired
HpyF3I;CTNAG;1;-;-;-;-;-
HpyF10VI;GCNNNNNNNGC;1;-;-;some blocked;-;-
HpySE526I;ACGT;1;-;-;blocked;-;-
Hsp92I;GRCGYC;1;-;-;-;-;-
Hsp92II;CATG;1;-;-;-;-;-
HspAI;GCGC;2;-;-;cut;-;-
KasI;GGCGCC;1;-;cut;variable;-;-
KflI;GGGWCCC;1;-;-;-;-;-
KpnI;GGTACC;14;-;cut;cut;-;-
Kpn2I;TCCGGA;1;cut;-;blocked;-;-
KroI;GCCGGC;1;-;-;-;-;-
KspI;CCGCGG;2;-;-;-;-;-
Ksp22I;TGATCA;2;blocked;-;-;blocked;-
KspAI;GTTAAC;1;-;-;some blocked;-;blocked
Kzo9I;GATC;1;cut;-;-;cut;-
LguI;GCTCTTC;1;-;-;cut;-;-
LmnI;GCTCC;1;-;-;-;-;-
LpnPI;CCDG;1;-;-;-;-;-
Lsp1109I;GCAGC;1;-;-;-;-;-
LweI;GCATC;1;-;-;impaired;blocked;-
MabI;ACCWGGT;1;-;cut;-;-;-
MaeI;CTAG;1;-;-;-;-;-
MaeII;ACGT;1;-;-;blocked;-;-
MaeIII;GTNAC;2;-;-;-;-;-
MalI;GATC;1;-;-;-;-;-
MauBI;CGCGCGCG;1;-;-;-;-;-
MbiI;CCGCTC;1;-;-;some blocked;cut;-
MboI;GATC;8;blocked;-;some impaired;some blocked;-
MboII;GAAGA;9;blocked;-;cut;cut;-
MfeI;CAATTG;2;-;-;-;blocked;-
MflI;RGATCY;1;blocked;-;-;impaired;-
MhlI;GDGCHC;2;-;cut;cut;blocked;-
MlsI;TGGCCA;1;-;blocked;-;-;-
MluI;ACGCGT;12;-;-;blocked;variable;variable
MluCI;AATT;1;-;-;-;some blocked;-
MluNI;TGGCCA;1;-;-;-;-;-
MlyI;GAGTC;1;-;-;cut;some blocked;-
Mly113I;GGCGCC;1;-;-;-;-;-
MmeI;TCCRAC;2;cut;-;variable;-;blocked
MnlI;CCTC;6;-;-;cut;blocked;-
Mox20I;TGGCCA;1;-;-;-;-;-
Mph1103I;ATGCAT;1;-;-;-;-;-
MreI;CGCCGGCG;1;-;-;-;-;-
MroI;TCCGGA;2;cut;-;blocked;-;-
MroNI;GCCGGC;2;-;-;-;-;-
MroXI;GAANNNNTTC;2;-;-;cut;-;cut
MscI;TGGCCA;2;-;blocked;-;-;-
MseI;TTAA;1;-;-;-;-;some blocked
MslI;CAYNNNNRTG;1;-;-;cut;some blocked;blocked
MspI;CCGG;9;-;-;some impaired;-;-
Msp20I;TGGCCA;1;-;-;-;-;-
MspA1I;CMGCKG;4;-;-;blocked;variable;-
MspCI;CTTAAG;1;-;-;-;-;-
MspJI;CNNR;1;-;-;-;-;-
MspR9I;CCNGG;1;-;blocked;-;-;-
MssI;GTTTAAAC;1;-;-;cut;-;blocked
MteI;GCGCNGCGC;1;-;-;-;-;-
MunI;CAATTG;4;-;-;-;-;-
MvaI;CCWGG;2;-;cut;-;-;-
Mva1269I;GAATGC;1;-;-;cut;-;-
MvnI;CGCG;1;-;-;-;-;-
MwoI;GCNNNNNNNGC;1;-;-;variable;-;-
NaeI;GCCGGC;3;-;-;some blocked;-;-
NarI;GGCGCC;6;-;cut;variable;-;-
NciI;CCSGG;3;-;-;some blocked;-;-
NcoI;CCATGG;12;-;-;-;-;-
NdeI;CATATG;9;-;-;-;cut;-
NdeII;GATC;2;blocked;-;cut;blocked;-
NgoMIV;GCCGGC;1;-;-;some blocked;-;-
NheI;GCTAGC;11;-;-;some blocked;-;-
NlaIII;CATG;1;-;-;-;blocked;-
NlaIV;GGNNCC;1;-;blocked;blocked;-;-
NmeAIII;GCCGAG;1;-;-;cut;-;-
NmuCI;GTSAC;1;-;-;impaired;-;-
NotI;GCGGCCGC;11;-;-;variable;-;-
NruI;TCGCGA;11;blocked;-;blocked;-;-
NsbI;TGCGCA;1;-;-;blocked;-;cut
NsiI;ATGCAT;7;-;-;-;some impaired;-
NspI;RCATGY;1;-;-;cut;variable;cut
NspV;TTCGAA;1;-;-;blocked;-;-
OliI;CACNNNNGTG;1;-;-;impaired;blocked;blocked
PacI;TTAATTAA;3;-;-;-;-;cut
PaeI;GCATGC;1;-;-;cut;blocked;-
PaeR7I;CTCGAG;1;-;-;some blocked;-;-
PagI;TCATGA;1;impaired;-;-;impaired;-
PalAI;GGCGCGCC;1;-;-;-;-;-
PasI;CCCWGGG;1;-;cut;-;-;-
PauI;GCGCGC;1;-;-;blocked;-;-
PceI;AGGCCT;2;-;-;-;-;-
PciI;ACATGT;2;-;-;-;some blocked;some blocked
PciSI;GCTCTTC;1;-;-;-;-;-
PcsI;WCGNNNNNNNCGW;1;-;-;-;-;-
PctI;GAATGC;2;-;-;cut;-;-
PdiI;GCCGGC;1;-;-;blocked;-;-
PdmI;GAANNNNTTC;1;-;-;some blocked;-;-
PfeI;GAWTC;1;-;-;blocked;blocked;-
Pfl23II;CGTACG;1;-;-;blocked;-;-
PflFI;GACNNNGTC;1;-;-;cut;blocked;-
PflMI;CCANNNNNTGG;1;-;blocked;-;-;-
PfoI;TCCNGGA;1;impaired;blocked;blocked;-;-
PinAI;ACCGGT;2;-;-;-;-;-
PkrI;GCNGC;1;-;-;-;-;-
PleI;GAGTC;1;-;-;variable;blocked;-
Ple19I;CGATCG;1;cut;-;-;-;-
PluTI;GGCGCC;1;-;cut;variable;-;-
PmaCI;CACGTG;1;-;-;blocked;-;-
PmeI;GTTTAAAC;1;-;-;cut;-;some blocked
PmlI;CACGTG;1;-;-;blocked;some blocked;some blocked
PpsI;GAGTC;1;-;-;-;-;-
Ppu21I;YACGTR;1;-;-;blocked;-;-
PpuMI;RGGWCCY;1;-;variable;cut;cut;-
PscI;ACATGT;1;-;-;-;-;-
PshAI;GACNNNNGTC;2;-;-;variable;blocked;-
PshBI;ATTAAT;1;-;-;-;-;-
PsiI;TTATAA;2;-;-;-;-;blocked
Psp5II;RGGWCCY;1;-;blocked;-;-;-
Psp6I;CCWGG;1;-;-;-;-;-
Psp1406I;AACGTT;2;-;-;blocked;-;-
Psp124BI;GAGCTC;2;-;-;-;-;-
PspCI;CACGTG;2;-;-;-;-;-
PspEI;GGTNACC;2;-;-;-;-;-
PspFI;CCCAGC;1;-;-;-;-;-
PspGI;CCWGG;1;-;blocked;-;-;-
PspLI;CGTACG;1;-;-;-;-;-
PspN4I;GGNNCC;1;-;impaired;impaired;-;-
PspOMI;GGGCCC;3;-;blocked;blocked;-;-
PspPI;GGNCC;1;-;blocked;blocked;-;-
PspPPI;RGGWCCY;1;-;-;-;-;-
PspXI;VCTCGAGB;2;-;-;some impaired;cut;cut
PsrI;GAACNNNNNNTAC;1;-;-;impaired;-;-
PstI;CTGCAG;13;-;-;-;-;-
PstNI;CAGNNNCTG;1;-;-;-;blocked;-
PsuI;RGATCY;1;cut;cut;cut;-;-
PsyI;GACNNNGTC;1;-;-;cut;-;-
PteI;GCGCGC;1;-;-;-;-;-
PvuI;CGATCG;9;cut;-;blocked;-;-
PvuII;CAGCTG;13;-;-;-;variable;-
RgaI;GCGATCGC;1;-;-;-;-;-
RigI;GGCCGGCC;1;-;-;blocked;-;-
RruI;TCGCGA;1;-;-;-;-;-
RsaI;GTAC;12;-;-;variable;-;-
RsaNI;GTAC;1;-;-;cut;-;-
RseI;CAYNNNNRTG;1;-;-;-;-;-
RsrII;CGGWCCG;3;-;-;blocked;-;-
Rsr2I;CGGWCCG;2;-;-;-;-;-
SacI;GAGCTC;10;-;-;cut;cut;-
SacII;CCGCGG;8;-;-;blocked;-;-
SalI;GTCGAC;13;-;-;some blocked;-;-
SapI;GCTCTTC;1;-;-;cut;blocked;-
SaqAI;TTAA;1;-;-;-;-;-
SatI;GCNGC;1;-;-;blocked;-;-
Sau96I;GGNCC;2;-;blocked;blocked;-;-
Sau3AI;GATC;7;cut;-;some blocked;some impaired;-
SbfI;CCTGCAGG;3;-;-;-;-;-
ScaI;AGTACT;11;-;-;-;blocked;-
SchI;GAGTC;1;-;-;cut;blocked;-
ScrFI;CCNGG;2;-;blocked;blocked;-;-
SdaI;CCTGCAGG;1;-;-;-;-;-
SduI;GDGCHC;1;-;cut;cut;-;-
SetI;ASST;1;-;-;-;-;-
SexAI;ACCWGGT;2;-;blocked;-;cut;cut
SfaAI;GCGATCGC;1;-;-;-;-;-
SfaNI;GCATC;3;-;-;some impaired;blocked;-
SfcI;CTRYAG;1;-;-;-;-;-
SfiI;GGCCNNNNNGGCC;13;-;some impaired;variable;-;-
SfoI;GGCGCC;1;-;variable;variable;-;-
Sfr274I;CTCGAG;2;-;-;-;-;-
Sfr303I;CCGCGG;2;-;-;-;-;-
SfuI;TTCGAA;2;-;-;cut;-;-
SgeI;CNNG;1;-;-;-;-;-
SgfI;GCGATCGC;1;cut;-;blocked;-;-
SgrAI;CRCCGGYG;1;-;-;variable;some blocked;some blocked
SgrBI;CCGCGG;1;-;-;blocked;-;-
SgrDI;CGTCGACG;1;-;-;-;-;-
SgsI;GGCGCGCC;1;-;cut;variable;-;-
SinI;GGWCC;1;-;-;-;-;-
SlaI;CTCGAG;2;-;-;impaired;-;-
SmaI;CCCGGG;14;-;-;blocked;-;-
SmiI;ATTTAAAT;4;-;-;-;-;-
SmiMI;CAYNNNNRTG;2;-;-;-;-;-
SmlI;CTYRAG;1;-;-;cut;impaired;-
SmoI;CTYRAG;1;-;-;cut;-;-
SnaBI;TACGTA;5;-;-;blocked;-;-
SpeI;ACTAGT;10;-;-;-;blocked;blocked
SphI;GCATGC;13;-;-;cut;blocked;-
SrfI;GCCCGGGC;1;-;-;variable;-;-
Sse9I;AATT;2;-;-;-;-;-
Sse8387I;CCTGCAGG;1;-;-;-;-;-
SseBI;AGGCCT;1;-;-;-;-;-
SsiI;CCGC;1;-;-;blocked;-;-
SspI;AATATT;10;-;-;-;cut;-
SspDI;GGCGCC;1;-;-;-;-;-
SspMI;CTAG;1;-;-;-;-;-
SstI;GAGCTC;1;-;-;cut;-;-
StuI;AGGCCT;9;-;blocked;-;cut;-
StyI;CCWWGG;3;-;-;-;-;-
StyD4I;CCNGG;1;-;blocked;impaired;-;-
SwaI;ATTTAAAT;4;-;-;-;cut;-
TaaI;ACNGT;1;-;-;impaired;-;-
TaiI;ACGT;1;-;-;blocked;blocked;blocked
TaqI;TCGA;12;blocked;-;cut;-;-
TaqII;GACCGA;2;-;-;-;blocked;-
TasI;AATT;1;-;-;-;blocked;-
TatI;WGTACW;1;-;-;-;-;-
TauI;GCSGC;1;-;-;blocked;-;-
TfiI;GAWTC;1;-;-;variable;blocked;-
Tru1I;TTAA;1;-;-;-;-;blocked
Tru9I;TTAA;4;-;-;-;-;blocked
TscAI;CASTG;1;-;-;-;-;-
TseI;GCWGC;1;-;-;variable;cut;-
TseFI;GTSAC;1;-;-;-;-;-
Tsp45I;GTSAC;1;-;-;cut;blocked;-
TspDTI;ATGAA;2;-;-;-;-;-
TspGWI;ACGGA;2;-;-;-;-;-
TspMI;CCCGGG;1;-;-;blocked;-;-
TspRI;CASTG;1;-;-;-;cut;cut
Tth111I;GACNNNGTC;6;-;-;cut;blocked;-
Van91I;CCANNNNNTGG;2;-;blocked;-;-;-
Vha464I;CTTAAG;1;-;-;-;-;-
VneI;GTGCAC;2;-;-;blocked;-;-
VpaK11BI;GGWCC;1;-;blocked;blocked;-;-
VspI;ATTAAT;4;-;-;-;cut;-
XagI;CCTNNNNNAGG;1;-;-;-;-;-
XapI;RAATTY;1;-;-;cut;blocked;-
XbaI;TCTAGA;12;blocked;-;-;-;-
XceI;RCATGY;1;-;-;cut;-;-
XcmI;CCANNNNNNNNNTGG;1;-;cut;-;-;-
XhoI;CTCGAG;10;-;-;impaired;-;-
XmaI;CCCGGG;4;-;-;some impaired;-;-
XmaJI;CCTAGG;1;-;-;-;-;-
XmiI;GTMKAC;1;-;-;blocked;-;-
XmnI;GAANNNNTTC;2;-;-;cut;blocked;cut
XspI;CTAG;1;-;-;-;-;-
ZraI;GACGTC;3;-;-;variable;some blocked;-
ZrmI;AGTACT;1;-;-;-;blocked;-
Zsp2I;ATGCAT;2;-;-;-;-;-
